<?xml version="1.0" encoding="UTF-8"?>
<project>
    <pomVersion>3</pomVersion>
    <artifactId>openFrame-samples-jPetstore</artifactId>
    <groupId>openFrame-samples-jPetstore</groupId>
    <repository>
    	<connection>scm:cvs:local:ignored:/srv/cvs/openFrame:samples/openFrame-samples-jPetstore</connection>
	    <developerConnection>scm:cvs::local:/srv/cvs/openFrame:samples/openFrame-samples-jPetstore</developerConnection>
	    <url>/forge/modules/xfmod/forgecvs/viewcvs2.php/open/</url>
	</repository>
	<build>
		<sourceDirectory>src/main/java</sourceDirectory>

		<resources>
			<resource>
				<directory>src/main/resources</directory>
			</resource>
		</resources>

		<unitTestSourceDirectory>src/test/java</unitTestSourceDirectory>
		<unitTest>
			<includes>
				<include>**/*Test.java</include>
			</includes>
			
			<!--  Exclude the JWebUnit tests which require a J2EE app container (waiting for Jetty / Cactus / Cargo !)-->
			<excludes>
				<exclude>**/*WebTest.java</exclude>
				<exclude>**/*IntegrationTest.java</exclude>
			</excludes>

			<resources>
				<!-- Resource folder containing lo4j configuration, log4j.properties must be in the classpath -->
				<resource>
					<directory>src/test/resources</directory>
				</resource>
			</resources>

		</unitTest>
	</build>
    <dependencies>
    
			
        <dependency>
            <groupId>eclipse</groupId>
            <artifactId>jdtcore</artifactId>
            <version>${version.eclipsejdtcore}</version>
            <type>jar</type>
            <properties>
                <war.bundle>true</war.bundle>
            </properties>
        </dependency>
		<dependency>
			<groupId>quartz</groupId>
			<artifactId>quartz</artifactId>
			<version>${version.quartz}</version>
			<properties>
				<war.bundle>true</war.bundle>
			</properties>
		</dependency>
		<dependency>
			<groupId>commons-io</groupId>
			<artifactId>commons-io</artifactId>
			<version>${version.commonsio}</version>
			<properties>
				<war.bundle>true</war.bundle>
			</properties>
		</dependency>
		<dependency>
			<groupId>commons-fileupload</groupId>
			<artifactId>commons-fileupload</artifactId>
			<version>${version.commonsfileupload}</version>
			<url>http://jakarta.apache.org/commons</url>
			<properties>
				<jar.manifest.classpath>true</jar.manifest.classpath>
				<war.bundle>true</war.bundle>
			</properties>
		</dependency>
		<dependency>
			<groupId>springframework</groupId>
			<artifactId>spring</artifactId>
			<version>${version.spring}</version>
			<type>jar</type>
			<url>http://www.springframework.org</url>
			<properties>
				<war.bundle>true</war.bundle>
			</properties>
		</dependency>


		<!-- common jar dependencies -->
		<dependency>
			<groupId>log4j</groupId>
			<artifactId>log4j</artifactId>
			<version>${version.log4j}</version>
			<type>jar</type>
			<properties>
				<war.bundle>true</war.bundle>
			</properties>
		</dependency>
		<dependency>
			<groupId>commons-logging</groupId>
			<artifactId>commons-logging</artifactId>
			<version>${version.commonslogging}</version>
			<type>jar</type>
			<url>http://jakarta.apache.org/commons</url>
			<properties>
				<war.bundle>true</war.bundle>
			</properties>
		</dependency>


		<!-- common TESTS dependencies -->

		<dependency>
			<groupId>junit</groupId>
			<artifactId>junit</artifactId>
			<version>${version.junit}</version>
			<type>jar</type>
		</dependency>
        <dependency>
            <groupId>hsqldb</groupId>
            <artifactId>hsqldb</artifactId>
            <version>${version.hsqldb}</version>
            <type>jar</type>
            <properties>
                <war.bundle>true</war.bundle>
            </properties>
        </dependency>
        <dependency>
            <groupId>oracle</groupId>
            <artifactId>ojdbc14_g</artifactId>
            <version>${version.oracle}</version>
            <type>jar</type>
            <properties>
                <war.bundle>true</war.bundle>
            </properties>
        </dependency>
		<!--  Dependencies J2EE -->
		<dependency>
			<groupId>servletapi</groupId>
			<artifactId>servletapi</artifactId>
			<version>${version.servletapi}</version>
			<type>jar</type>
			<properties>
				<war.bundle>false</war.bundle>
			</properties>
		</dependency>
		<dependency>
			<groupId>jspapi</groupId>
			<artifactId>jsp-api</artifactId>
			<version>${version.jspapi}</version>
			<type>jar</type>
			<url>http://java.sun.com/products/jsp</url>
			<properties>
				<war.bundle>false</war.bundle>
			</properties>
		</dependency>
		<dependency>
			<groupId>activation</groupId>
			<artifactId>activation</artifactId>
			<version>${version.activation}</version>
			<properties>
    			<war.bundle>true</war.bundle>
			</properties>
		</dependency>
		<dependency>
			<groupId>javamail</groupId>
			<artifactId>mail</artifactId>
			<version>${version.javamail}</version>
			<properties>
    			<war.bundle>true</war.bundle>
			</properties>
		</dependency>
        <dependency>
            <groupId>jasperreports</groupId>
            <artifactId>jasperreports</artifactId>
            <version>${version.jasperreports}</version>
            <type>jar</type>
            <properties>
                <war.bundle>true</war.bundle>
            </properties>
        </dependency>
		<!-- WEB common dependencies -->
		<dependency>
			<groupId>openFrame</groupId>
			<artifactId>openFrame-services-core</artifactId>
			<version>${version.openframe.core}</version>
			<properties>
				<war.bundle>true</war.bundle>
			</properties>
		</dependency>
		<dependency>
			<groupId>openFrame</groupId>
			<artifactId>openFrame-services-ole</artifactId>
			<version>${version.openframe}</version>
			<properties>
				<war.bundle>true</war.bundle>
			</properties>
		</dependency>
		<dependency>
			<groupId>openFrame</groupId>
			<artifactId>openFrame-services-reporting</artifactId>
			<version>1.0.1</version>
			<properties>
				<war.bundle>true</war.bundle>
			</properties>
		</dependency>
		<dependency>
			<groupId>openFrame</groupId>
			<artifactId>openFrame-services-xml</artifactId>
			<version>${version.openframe}</version>
			<properties>
				<war.bundle>true</war.bundle>
			</properties>
		</dependency>
		<dependency>
			<groupId>openFrame</groupId>
			<artifactId>openFrame-services-mailing</artifactId>
			<version>${version.openframe}</version>
			<properties>
				<war.bundle>true</war.bundle>
			</properties>
		</dependency>
		<dependency>
			<groupId>openFrame</groupId>
			<artifactId>openFrame-services-scheduler</artifactId>
			<version>${version.openframe}</version>
			<properties>
				<war.bundle>true</war.bundle>
			</properties>
		</dependency>
		<dependency>
			<groupId>openFrame</groupId>
			<artifactId>openFrame-services-fileupload</artifactId>
			<version>${version.openframe}</version>
			<properties>
				<war.bundle>true</war.bundle>
			</properties>
		</dependency>
		<dependency>
			<groupId>openFrame</groupId>
			<artifactId>openFrame-services-file</artifactId>
			<version>${version.openframe}</version>
			<properties>
				<war.bundle>true</war.bundle>
			</properties>
		</dependency>
		<dependency>
			<groupId>openFrame</groupId>
			<artifactId>openFrame-services-i18n</artifactId>
			<version>${version.openframe}</version>
			<properties>
				<war.bundle>true</war.bundle>
			</properties>
		</dependency>
		<dependency>
			<groupId>openFrame</groupId>
			<artifactId>openFrame-services-configuration</artifactId>
			<version>${version.openframe}</version>
			<properties>
				<war.bundle>true</war.bundle>
			</properties>
		</dependency>
		<dependency>
			<groupId>openFrame</groupId>
			<artifactId>openFrame-services-persistence</artifactId>
			<version>${version.openframe}</version>
			<type>jar</type>
			<properties>
				<war.bundle>true</war.bundle>
			</properties>
		</dependency>
		<dependency>
			<groupId>openFrame</groupId>
			<artifactId>openFrame-services-logging</artifactId>
			<version>${version.openframe}</version>
			<type>jar</type>
			<properties>
				<war.bundle>true</war.bundle>
			</properties>
		</dependency>
		<dependency>
			<groupId>openFrame</groupId>
			<artifactId>openFrame-services-exceptions</artifactId>
			<version>${version.openframe}</version>
			<type>jar</type>
			<properties>
				<war.bundle>true</war.bundle>
			</properties>
		</dependency>
		<dependency>
			<groupId>openFrame</groupId>
			<artifactId>openFrame-services-security</artifactId>
			<version>${version.openframe.security}</version>
			<type>jar</type>
			<properties>
				<war.bundle>true</war.bundle>
			</properties>
		</dependency>
		<dependency>
			<groupId>openFrame</groupId>
			<artifactId>openFrame-services-validation</artifactId>
			<version>${version.openframe.validation}</version>
			<type>jar</type>
			<properties>
				<war.bundle>true</war.bundle>
			</properties>
		</dependency>
		<dependency>
			<groupId>openFrame</groupId>
			<artifactId>openFrame-services-web</artifactId>
			<version>${version.openframe.web}</version>
			<properties>
				<jar.manifest.classpath>true</jar.manifest.classpath>
				<war.bundle>true</war.bundle>
			</properties>
		</dependency>
		
		<dependency>
			<groupId>openFrame</groupId>
			<artifactId>openFrame-services-webservices</artifactId>
			<version>1.0.1</version>
			<properties>
				<war.bundle>true</war.bundle>
			</properties>
		</dependency>
		
		

		<!--  Dependencies COMMONS -->

		<dependency>
			<groupId>commons-beanutils</groupId>
			<artifactId>commons-beanutils-core</artifactId>
			<version>${version.commonsbeanutils}</version>
			<type>jar</type>
			<properties>
				<war.bundle>true</war.bundle>
			</properties>
		</dependency>
		<dependency>
			<groupId>commons-collections</groupId>
			<artifactId>commons-collections</artifactId>
			<version>${version.commonscollections}</version>
			<type>jar</type>
			<properties>
				<war.bundle>true</war.bundle>
			</properties>
		</dependency>

		<dependency>
			<groupId>commons-digester</groupId>
			<artifactId>commons-digester</artifactId>
			<version>${version.commonsdigester}</version>
			<type>jar</type>
			<properties>
				<jar.manifest.classpath>true</jar.manifest.classpath>
				<war.bundle>true</war.bundle>
			</properties>
		</dependency>

		<dependency>
			<groupId>commons-io</groupId>
			<artifactId>commons-io</artifactId>
			<version>${version.commonsio}</version>
			<properties>
				<war.bundle>true</war.bundle>
			</properties>
		</dependency>

		<dependency>
			<groupId>commons-validator</groupId>
			<artifactId>commons-validator</artifactId>
			<version>${version.commonsvalidator}</version>
			<type>jar</type>
			<properties>
				<war.bundle>true</war.bundle>
			</properties>
		</dependency>
		<dependency>
			<groupId>commons-lang</groupId>
			<artifactId>commons-lang</artifactId>
			<version>${version.commonslang}</version>
			<type>jar</type>
			<properties>
				<war.bundle>true</war.bundle>
			</properties>
			<url>http://jakarta.apache.org/commons</url>
		</dependency>
		<dependency>
			<groupId>commons-codec</groupId>
			<artifactId>commons-codec</artifactId>
			<version>${version.commonscodec}</version>
			<type>jar</type>
			<url>http://jakarta.apache.org/commons</url>
			<properties>
				<war.bundle>true</war.bundle>
			</properties>
		</dependency>

		<!--  Dependencies for Struts -->
		<dependency>
			<groupId>struts</groupId>
			<artifactId>struts</artifactId>
			<version>${version.struts}</version>
			<type>jar</type>
			<properties>
				<jar.manifest.classpath>true</jar.manifest.classpath>
				<war.bundle>true</war.bundle>
			</properties>
		</dependency>

		<dependency>
			<groupId>struts-layout</groupId>
			<artifactId>struts-layout</artifactId>
			<version>${version.strutslayout}</version>
			<type>jar</type>
			<properties>
				<jar.manifest.classpath>true</jar.manifest.classpath>
				<war.bundle>true</war.bundle>
			</properties>
		</dependency>
		<dependency>
			<groupId>struts-menu</groupId>
			<artifactId>struts-menu</artifactId>
			<version>${version.strutsmenu}</version>
			<type>jar</type>
			<properties>
				<war.bundle>true</war.bundle>
			</properties>
		</dependency>
		<dependency>
			<groupId>value-list</groupId>
			<artifactId>valuelist</artifactId>
			<version>${version.valuelist}</version>
			<type>jar</type>
			<properties>
				<jar.manifest.classpath>true</jar.manifest.classpath>
				<war.bundle>true</war.bundle>
			</properties>
		</dependency>



		<!-- this dependency comes from openFrame-security-->
		<dependency>
			<groupId>acegisecurity</groupId>
			<artifactId>acegi-security</artifactId>
			<version>${version.acegi}</version>
			<type>jar</type>
			<properties>
				<war.bundle>true</war.bundle>
			</properties>
		</dependency>
		<dependency>
			<groupId>oro</groupId>
			<artifactId>oro</artifactId>
			<version>${version.oro}</version>
			<type>jar</type>
			<properties>
				<war.bundle>true</war.bundle>
			</properties>
			<url>http://jakarta.apache.org/oro/</url>
		</dependency>

		<!-- this dependency comes from openFrame-exceptions-->
		<dependency>
			<groupId>dom4j</groupId>
			<artifactId>dom4j</artifactId>
			<version>${version.dom4j}</version>
			<type>jar</type>
			<properties>
				<war.bundle>true</war.bundle>
			</properties>
		</dependency>
		<dependency>
			<groupId>springmodules</groupId>
			<artifactId>springmodules-validator</artifactId>
			<version>${version.springmodulesvalidator}</version>
			<type>jar</type>
			<properties>
				<war.bundle>true</war.bundle>
			</properties>
		</dependency>

		<!--  Dependencies for hibernate -->
		<dependency>
			<groupId>hibernate</groupId>
			<artifactId>hibernate</artifactId>
			<version>${version.hibernate}</version>
			<type>jar</type>
			<properties>
				<war.bundle>true</war.bundle>
			</properties>
		</dependency>
		<dependency>
			<groupId>jta</groupId>
			<artifactId>jta</artifactId>
			<version>${version.jta}</version>
			<type>jar</type>
			<properties>
				<war.bundle>true</war.bundle>
			</properties>
		</dependency>
		<dependency>
			<groupId>ehcache</groupId>
			<artifactId>ehcache</artifactId>
			<version>${version.ehcache}</version>
			<type>jar</type>
			<properties>
				<war.bundle>true</war.bundle>
			</properties>
		</dependency>
		<dependency>
			<groupId>cglib</groupId>
			<artifactId>cglib</artifactId>
			<version>${version.cglib}</version>
			<type>jar</type>
			<properties>
				<war.bundle>true</war.bundle>
			</properties>
		</dependency>
		<dependency>
			<groupId>asm</groupId>
			<artifactId>asm</artifactId>
			<version>${version.asm}</version>
			<type>jar</type>
			<properties>
				<war.bundle>true</war.bundle>
			</properties>
		</dependency>
		<dependency>
			<groupId>easymock</groupId>
			<artifactId>easymock</artifactId>
			<version>${version.easymock}</version>
			<type>jar</type>
			<properties>
				<war.bundle>false</war.bundle>
			</properties>
		</dependency>
		<dependency>
			<groupId>antlr</groupId>
			<artifactId>antlr</artifactId>
			<version>${version.antlr}</version>
			<type>jar</type>
			<properties>
				<war.bundle>true</war.bundle>
			</properties>
		</dependency>



		<dependency>
			<groupId>itext</groupId>
			<artifactId>itext</artifactId>
			<version>${version.itext}</version>
			<type>jar</type>
			<properties>
				<war.bundle>true</war.bundle>
			</properties>
		</dependency>
		
		<!--  Dependency for ASPECTWERKZ -->
		<dependency>
			<groupId>aspectwerkz</groupId>
			<artifactId>aspectwerkz</artifactId>
			<version>${version.aspectwerkz}</version>
			<type>jar</type>
			<properties>
				<jar.manifest.classpath>true</jar.manifest.classpath>
				<war.bundle>true</war.bundle>
			</properties>
		</dependency>
		<dependency>
			<groupId>aspectwerkz</groupId>
			<artifactId>aspectwerkz-jdk14</artifactId>
			<version>${version.aspectwerkz}</version>
			<type>jar</type>
			<properties>
				<jar.manifest.classpath>true</jar.manifest.classpath>
				<war.bundle>true</war.bundle>
			</properties>
		</dependency>
		<dependency>
			<groupId>aspectwerkz</groupId>
			<artifactId>aspectwerkz-core</artifactId>
			<version>${version.aspectwerkz}</version>
			<type>jar</type>
			<properties>
				<jar.manifest.classpath>true</jar.manifest.classpath>
				<war.bundle>true</war.bundle>
			</properties>
		</dependency>
		<dependency>
			<groupId>aspectwerkz</groupId>
			<artifactId>aspectwerkz-extensions</artifactId>
			<version>${version.aspectwerkz}</version>
			<type>jar</type>
			<properties>
				<jar.manifest.classpath>true</jar.manifest.classpath>
				<war.bundle>true</war.bundle>
			</properties>
		</dependency>
		<dependency>
			<groupId>trove</groupId>
			<artifactId>trove</artifactId>
			<version>${version.trove}</version>
			<type>jar</type>
			<properties>
				<jar.manifest.classpath>true</jar.manifest.classpath>
				<war.bundle>true</war.bundle>
			</properties>
		</dependency>
		<!-- dependency>
			<groupId>aspectwerkz</groupId>
			<artifactId>wlwaop</artifactId>
			<version>${version.wlwaop}</version>
			<type>jar</type>
			<properties>
				<jar.manifest.classpath>true</jar.manifest.classpath>
				<war.bundle>true</war.bundle>
			</properties>
		</dependency-->

		<dependency>
			<groupId>jrexx</groupId>
			<artifactId>jrexx</artifactId>
			<version>${version.jrexx}</version>
			<type>jar</type>
			<properties>
				<jar.manifest.classpath>true</jar.manifest.classpath>
				<war.bundle>true</war.bundle>
			</properties>
		</dependency>
		


		<!--  Dependency for ajax tags -->
		<dependency>
			<groupId>ajaxtags</groupId>
			<artifactId>ajaxtags</artifactId>
			<version>${version.ajaxtags}</version>
			<properties>
				<jar.manifest.classpath>true</jar.manifest.classpath>
				<war.bundle>true</war.bundle>
			</properties>
		</dependency>

		<!--  Dependencies for dwr -->
		<dependency>
			<groupId>dwr</groupId>
			<artifactId>dwr</artifactId>
			<version>${version.dwr}</version>
			<properties>
				<jar.manifest.classpath>true</jar.manifest.classpath>
				<war.bundle>true</war.bundle>
			</properties>
		</dependency>
		<dependency>
			<groupId>bsf</groupId>
			<artifactId>bsf</artifactId>
			<version>${version.bsf}</version>
			<properties>
				<jar.manifest.classpath>true</jar.manifest.classpath>
				<war.bundle>true</war.bundle>
			</properties>
		</dependency>
		<dependency>
			<groupId>jdom</groupId>
			<artifactId>jdom</artifactId>
			<version>${version.jdom}</version>
			<properties>
				<jar.manifest.classpath>true</jar.manifest.classpath>
				<war.bundle>true</war.bundle>
			</properties>
		</dependency>
		<dependency>
			<groupId>poi</groupId>
			<artifactId>poi</artifactId>
			<version>${version.poi}</version>
			<properties>
				<war.bundle>true</war.bundle>
			</properties>
		</dependency>
		<dependency>
			<groupId>poi</groupId>
			<artifactId>poi-scratchpad</artifactId>
			<version>${version.poiscratchpad}</version>
			<properties>
				<war.bundle>true</war.bundle>
			</properties>
		</dependency>
		<!--  End of Dependencies for dwr -->

	<!-- TAGLIBS dependencies -->
		<dependency>
			<groupId>jstl</groupId>
			<artifactId>jstl</artifactId>
			<version>${version.jstl}</version>
			<type>jar</type>
			<properties>
				<war.bundle>true</war.bundle>
			</properties>
		</dependency>
		<dependency>
			<groupId>taglibs</groupId>
			<artifactId>standard</artifactId>
			<version>${version.taglibs}</version>
			<type>jar</type>
			<properties>
				<war.bundle>true</war.bundle>
			</properties>
		</dependency>


		<!-- TESTS dependencies -->

		<!-- JWebUnit Dependencies -->
		<dependency>
			<groupId>jwebunit</groupId>
			<artifactId>jwebunit</artifactId>
			<version>${version.jwebunit}</version>
			<properties>
				<war.bundle>false</war.bundle>
			</properties>
		</dependency>
		<dependency>
			<groupId>httpunit</groupId>
			<artifactId>httpunit</artifactId>
			<version>${version.httpunit}</version>
			<properties>
				<war.bundle>false</war.bundle>
			</properties>
		</dependency>
		<dependency>
			<groupId>nekohtml</groupId>
			<artifactId>nekohtml</artifactId>
			<version>${version.nekohtml}</version>
			<properties>
				<war.bundle>false</war.bundle>
			</properties>
		</dependency>
		<dependency>
			<groupId>rhino</groupId>
			<artifactId>js</artifactId>
			<version>${version.rhino}</version>
			<properties>
				<war.bundle>false</war.bundle>
			</properties>
		</dependency>
		<dependency>
			<groupId>xerces</groupId>
			<artifactId>xercesImpl</artifactId>
			<version>${version.xerces}</version>
			<properties>
				<war.bundle>false</war.bundle>
			</properties>
		</dependency>
		<dependency>
			<groupId>xml-apis</groupId>
			<artifactId>xml-apis</artifactId>
			<version>${version.xmlapis}</version>
			<properties>
				<war.bundle>false</war.bundle>
			</properties>
		</dependency>
		<dependency>
			<groupId>xstream</groupId>
			<artifactId>xstream</artifactId>
			<version>${version.xstream}</version>
			<properties>
				<war.bundle>true</war.bundle>
			</properties>
		</dependency>
		
		<dependency>
			<groupId>springframework</groupId>
			<artifactId>spring-mock</artifactId>
			<version>${version.spring}</version>
		</dependency>
		
		<dependency>
			<groupId>jmock</groupId>
			<artifactId>jmock</artifactId>
			<version>${version.jmock}</version>
		</dependency>
		<dependency>
			<groupId>jmock</groupId>
			<artifactId>jmock-cglib</artifactId>
			<version>${version.jmock}</version>
		</dependency>
		
		<!-- External samples dependency -->
		<dependency>
			<groupId>openFrame-samples-geo</groupId>
			<artifactId>openFrame-samples-geo</artifactId>
			<version>1.0</version>
			<properties>
				<war.bundle>true</war.bundle>
			</properties>
			
		</dependency>
		
		
		<dependency>
	      <groupId>yom</groupId>
	      <artifactId>yom</artifactId>
	      <version>1.0-alpha-2</version>
	      <properties>
				<war.bundle>true</war.bundle>
			</properties>
	    </dependency>
		
		
		<!-- ******************  DEPENDENCIES FOR WEBSERVICES ************************* -->
		<dependency>
			<groupId>commons-logging</groupId>
			<artifactId>commons-logging</artifactId>
			<version>1.0.4</version>
			<type>jar</type>
			<url>http://jakarta.apache.org/commons</url>
			<properties>
				<war.bundle>true</war.bundle>
			</properties>
		</dependency>
		
		<dependency>
			<groupId>xerces</groupId>
			<artifactId>xercesImpl</artifactId>
			<version>2.7.1</version>
			<properties>
				<war.bundle>true</war.bundle>
			</properties>
		</dependency>
		
		<dependency>
			<groupId>xml-apis</groupId>
			<artifactId>xml-apis</artifactId>
			<version>1.3.02</version>
			<properties>
				<war.bundle>true</war.bundle>
			</properties>
		</dependency>
		
		<!-- Jaxrpc no available in ibiblio -->
		<dependency>
			<groupId>jaxrpc</groupId>
			<artifactId>jaxrpc</artifactId>
			<version>1.0</version>
			<properties>
				<war.bundle>true</war.bundle>
			</properties>
		</dependency>	
		
		<dependency>
			<groupId>axis</groupId>
			<artifactId>axis</artifactId>
			<version>1.1</version>
			<properties>
				<war.bundle>true</war.bundle>
			</properties>
		</dependency>		


		<dependency>
			<groupId>commons-discovery</groupId>
			<artifactId>commons-discovery</artifactId>
			<version>0.2</version>
			<properties>
				<war.bundle>true</war.bundle>
			</properties>
		</dependency>		
		
		<!-- Not available in ibiblio -->
		<dependency>
			<groupId>saaj</groupId>
			<artifactId>saaj</artifactId>
			<version>1.0</version>
			<properties>
				<war.bundle>true</war.bundle>
			</properties>
		</dependency>	

		<dependency>
	      <groupId>xfire</groupId>
	      <artifactId>xfire-all</artifactId>	      
	      <version>1.0-M5</version>
	      <url>http://xfire.codehaus.org</url>
	      <properties>
				<war.bundle>true</war.bundle>
			</properties>
	    </dependency>

		<!-- XMLStream,... -->
    	<dependency>
	      <groupId>stax</groupId>
	      <artifactId>stax-api</artifactId>
	      <version>1.0</version>
	      <properties>
				<war.bundle>true</war.bundle>
			</properties>
	    </dependency>

	 	<dependency>
	      <groupId>wsdl4j</groupId>
	      <artifactId>wsdl4j</artifactId>
	      <version>1.5.2</version>
	      <properties>
				<war.bundle>true</war.bundle>
			</properties>
	    </dependency>  	       


		<dependency>
	      <groupId>woodstox</groupId>
	      <artifactId>wstx-asl</artifactId>
	      <version>2.9.1</version>
	      <properties>
				<war.bundle>true</war.bundle>
			</properties>
	    </dependency>

	    <dependency>
	      <groupId>jaxen</groupId>
	      <artifactId>jaxen</artifactId>
	      <version>1.1-beta-8</version>
	      <properties>
				<war.bundle>true</war.bundle>
			</properties>
	    </dependency>
		
		<!-- Noves lliberies en versi� 1.1 -->
		
		<dependency>
			<groupId>json</groupId>
			<artifactId>json-lib</artifactId>
			<version>${version.json}</version>
			<type>jar</type>
			<properties>
				<war.bundle>true</war.bundle>
			</properties>
		</dependency>    
		
		
	   
		<dependency>
			<groupId>htmlparser</groupId>
			<artifactId>htmlparser</artifactId>
			<version>${version.htmlparser}</version>
			<type>jar</type>
			<properties>
				<war.bundle>true</war.bundle>
			</properties>
		</dependency>		    
	    

		<dependency>
			<groupId>ognl</groupId>
			<artifactId>ognl</artifactId>
			<version>${version.ognl}</version>
			<type>jar</type>
			<properties>
				<war.bundle>true</war.bundle>
			</properties>
		</dependency>
		
		<dependency>
            <groupId>urlrewrite</groupId>
            <artifactId>urlrewrite</artifactId>
            <version>${version.urlrewrite}</version>
            <type>jar</type>
            <properties>
                <war.bundle>true</war.bundle>
            </properties>
        </dependency>		

		<!-- ****************** END OF DEPENDENCIES FOR WEBSERVICES ************************* -->		
    </dependencies>
    
    <reports>
            <!--
             |
             | These should all be completely self contained. You should be able
             | to generate each of them individually without needing the final
             | xdoc transformation.
             |
             | Each report plugin with it's POM and plugin.jelly logic should
             | contain everything needed to produced the report.
             |
            -->
            <report>maven-checkstyle-plugin</report>
            <report>maven-javadoc-plugin</report>
            <report>maven-jxr-plugin</report>
            <report>maven-junit-report-plugin</report>
            <report>maven-pmd-plugin</report>
            <report>maven-simian-plugin</report>
            <report>maven-statcvs-plugin</report>
            <report>maven-jcoverage-plugin</report>
  </reports>
    
</project>

