<?xml version="1.0" encoding="UTF-8" ?>
<!DOCTYPE beans PUBLIC "-//SPRING//DTD BEAN//EN" "http://www.springframework.org/dtd/spring-beans.dtd">

<beans>
	<!-- Hibernate SessionFactory -->
	<bean id="sessionFactory"
		class="org.springframework.orm.hibernate3.LocalSessionFactoryBean">
		<property name="configLocation"
			value="classpath:${sessionFactory.configLocation}" />
		<property name="hibernateProperties">
			 <props>
			 	<prop key="hibernate.connection.datasource">${dataSource.jndiName}</prop>
			 </props>
		</property>
	</bean>

	<!--  The dataSource bean is created invoking another method MethodInvokingFactoryBean
	See http://static.springframework.org/spring/docs/1.2.x/reference/beans.html#d0e2351 
	<bean id="dataSource" class="org.springframework.beans.factory.config.MethodInvokingFactoryBean">
		<property name="staticMethod"><value>org.springframework.orm.hibernate3.LocalSessionFactoryBean.getConfigTimeDataSource</value></property>
	</bean>
	-->
	
	<!-- Transaction manager for a single Hibernate SessionFactory -->
	<bean id="transactionManager"
		class="org.springframework.orm.hibernate3.HibernateTransactionManager">
		<property name="sessionFactory" ref="sessionFactory" />
	</bean>
	<!--  Base DAO Proxy -->
	<bean id="baseDaoProxy"
		class="org.springframework.transaction.interceptor.TransactionProxyFactoryBean">
		<property name="transactionManager">
			<ref local="transactionManager" />
		</property>
		<property name="target">
			<bean class="java.lang.Object" />
		</property>
		<property name="transactionAttributes">
			<props>
				<prop key="get*">PROPAGATION_REQUIRED,readOnly</prop>
				<prop key="find*">PROPAGATION_REQUIRED,readOnly</prop>
				<prop key="load*">PROPAGATION_REQUIRED,readOnly</prop>
				<prop key="store*">PROPAGATION_REQUIRED</prop>
				<prop key="save*">PROPAGATION_REQUIRED</prop>
				<prop key="delete*">PROPAGATION_REQUIRED</prop>
			</props>
		</property>
	</bean>
	
	<bean id="universalHibernateDAO"
		class="net.opentrends.openframe.services.persistence.spring.dao.impl.UniversalDAOImpl">
		<property name="sessionFactory" ref="sessionFactory" />
	</bean>
	
</beans>